{
	"metadata1" : 	{
		"title" : "PitchRange",
		"systemname" : "metadata1",
		"active" : 1,
		"automatable" : 1,
		"defaultfield" : 1,
		"control" : "rslider",
		"type" : "minmax",
		"min" : 0,
		"max" : 127,
		"unitslabel" : "MIDI nn",
		"customitems" : "NA",
		"keycenters" : "NA",
		"keytypes" : "NA"
	}
,
	"metadata2" : 	{
		"title" : "PitchCenter",
		"systemname" : "metadata2",
		"active" : 1,
		"automatable" : 1,
		"defaultfield" : 1,
		"control" : "kslider",
		"type" : "singleint",
		"min" : 0,
		"max" : 11,
		"unitslabel" : "Pitch Class",
		"customitems" : "NA",
		"keycenters" : "NA",
		"keytypes" : "NA"
	}
,
	"metadata3" : 	{
		"title" : "Key",
		"systemname" : "metadata3",
		"active" : 1,
		"automatable" : 1,
		"defaultfield" : 1,
		"control" : "rslider",
		"type" : "keyspecial",
		"min" : 0,
		"max" : 127,
		"unitslabel" : "Best-Fit Key/Correlation",
		"customitems" : "NA",
		"keycenters" : "C C#/Db D D#/Eb E F F#/Gb G G#/Ab A A#/Bb B",
		"keytypes" : "Major Minor"
	}
,
	"metadata4" : 	{
		"title" : "DurationSymbolic",
		"systemname" : "metadata4",
		"active" : 1,
		"automatable" : 1,
		"defaultfield" : 1,
		"control" : "rslider",
		"type" : "singlefloat",
		"min" : 0,
		"max" : 20,
		"unitslabel" : "Symbolic Units",
		"customitems" : "NA",
		"keycenters" : "NA",
		"keytypes" : "NA"
	}
,
	"metadata5" : 	{
		"title" : "DurationSeconds",
		"systemname" : "metadata5",
		"active" : 1,
		"automatable" : 1,
		"defaultfield" : 1,
		"control" : "rslider",
		"type" : "singlefloat",
		"min" : 0,
		"max" : 20,
		"unitslabel" : "Seconds",
		"customitems" : "NA",
		"keycenters" : "NA",
		"keytypes" : "NA"
	}
,
	"metadata6" : 	{
		"title" : "NumberOfNotes",
		"systemname" : "metadata6",
		"active" : 1,
		"automatable" : 1,
		"defaultfield" : 1,
		"control" : "rslider",
		"type" : "singleint",
		"min" : 0,
		"max" : 50,
		"unitslabel" : "Notes",
		"customitems" : "NA",
		"keycenters" : "NA",
		"keytypes" : "NA"
	}
,
	"metadata7" : 	{
		"title" : "DensitySymbolic",
		"systemname" : "metadata7",
		"active" : 1,
		"automatable" : 1,
		"defaultfield" : 1,
		"control" : "rslider",
		"type" : "singlefloat",
		"min" : 0,
		"max" : 20,
		"unitslabel" : "Attacks/Symbolic Unit",
		"customitems" : "NA",
		"keycenters" : "NA",
		"keytypes" : "NA"
	}
,
	"metadata8" : 	{
		"title" : "DensitySeconds",
		"systemname" : "metadata8",
		"active" : 1,
		"automatable" : 1,
		"defaultfield" : 1,
		"control" : "rslider",
		"type" : "singlefloat",
		"min" : 0,
		"max" : 20,
		"unitslabel" : "Attacks/Second",
		"customitems" : "NA",
		"keycenters" : "NA",
		"keytypes" : "NA"
	}
,
	"metadata9" : 	{
		"title" : "SoundDensity",
		"systemname" : "metadata9",
		"active" : 1,
		"automatable" : 1,
		"defaultfield" : 1,
		"control" : "rslider",
		"type" : "singlefloat",
		"min" : 0,
		"max" : 1,
		"unitslabel" : "Proportion (0-1)",
		"customitems" : "NA",
		"keycenters" : "NA",
		"keytypes" : "NA"
	}
,
	"metadata10" : 	{
		"title" : "AllPitches",
		"systemname" : "metadata10",
		"active" : 1,
		"automatable" : 1,
		"defaultfield" : 1,
		"control" : "nslider",
		"type" : "listassymbol",
		"min" : 0,
		"max" : 127,
		"unitslabel" : "NA",
		"customitems" : "NA",
		"keycenters" : "NA",
		"keytypes" : "NA"
	}
,
	"metadata11" : 	{
		"title" : "AllPitchClasses",
		"systemname" : "metadata11",
		"active" : 1,
		"automatable" : 1,
		"defaultfield" : 1,
		"control" : "kslider",
		"type" : "listassymbol",
		"min" : 0,
		"max" : 127,
		"unitslabel" : "NA",
		"customitems" : "NA",
		"keycenters" : "NA",
		"keytypes" : "NA"
	}
,
	"metadata12" : 	{
		"title" : "DurationType",
		"systemname" : "metadata12",
		"active" : 1,
		"automatable" : 1,
		"defaultfield" : 1,
		"control" : "rslider",
		"type" : "menuint",
		"min" : 0,
		"max" : 127,
		"unitslabel" : "NA",
		"customitems" : "Determined Indeterminate",
		"keycenters" : "NA",
		"keytypes" : "NA"
	}
,
	"metadata13" : 	{
		"title" : "DurationRange",
		"systemname" : "metadata13",
		"active" : 1,
		"automatable" : 0,
		"defaultfield" : 1,
		"control" : "rslider",
		"type" : "minmax",
		"min" : 0,
		"max" : 127,
		"unitslabel" : "Range (Sec) if Indeterminate",
		"customitems" : "NA",
		"keycenters" : "NA",
		"keytypes" : "NA"
	}
,
	"metadata14" : 	{
		"title" : "StaccatoDensity",
		"systemname" : "metadata14",
		"active" : 1,
		"automatable" : 1,
		"defaultfield" : 1,
		"control" : "rslider",
		"type" : "singlefloat",
		"min" : 0,
		"max" : 1,
		"unitslabel" : "Proportion (0-1)",
		"customitems" : "NA",
		"keycenters" : "NA",
		"keytypes" : "NA"
	}
,
	"metadata15" : 	{
		"title" : "AccentDensity",
		"systemname" : "metadata15",
		"active" : 1,
		"automatable" : 1,
		"defaultfield" : 1,
		"control" : "rslider",
		"type" : "singlefloat",
		"min" : 0,
		"max" : 1,
		"unitslabel" : "Proportion (0-1)",
		"customitems" : "NA",
		"keycenters" : "NA",
		"keytypes" : "NA"
	}
,
	"metadata16" : 	{
		"title" : "Metadata1",
		"systemname" : "metadata16",
		"active" : 0,
		"automatable" : 0,
		"defaultfield" : 0,
		"control" : "rslider",
		"type" : "singleint",
		"min" : 0,
		"max" : 127,
		"unitslabel" : "NA",
		"customitems" : "NA",
		"keycenters" : "NA",
		"keytypes" : "NA"
	}
,
	"metadata17" : 	{
		"title" : "Metadata2",
		"systemname" : "metadata17",
		"active" : 0,
		"automatable" : 0,
		"defaultfield" : 0,
		"control" : "rslider",
		"type" : "singleint",
		"min" : 0,
		"max" : 127,
		"unitslabel" : "NA",
		"customitems" : "NA",
		"keycenters" : "NA",
		"keytypes" : "NA"
	}
,
	"metadata18" : 	{
		"title" : "Metadata3",
		"systemname" : "metadata18",
		"active" : 0,
		"automatable" : 0,
		"defaultfield" : 0,
		"control" : "rslider",
		"type" : "singleint",
		"min" : 0,
		"max" : 127,
		"unitslabel" : "NA",
		"customitems" : "NA",
		"keycenters" : "NA",
		"keytypes" : "NA"
	}
,
	"metadata19" : 	{
		"title" : "Metadata4",
		"systemname" : "metadata19",
		"active" : 0,
		"automatable" : 0,
		"defaultfield" : 0,
		"control" : "rslider",
		"type" : "singleint",
		"min" : 0,
		"max" : 127,
		"unitslabel" : "NA",
		"customitems" : "NA",
		"keycenters" : "NA",
		"keytypes" : "NA"
	}
,
	"metadata20" : 	{
		"title" : "Metadata5",
		"systemname" : "metadata20",
		"active" : 0,
		"automatable" : 0,
		"defaultfield" : 0,
		"control" : "rslider",
		"type" : "singleint",
		"min" : 0,
		"max" : 127,
		"unitslabel" : "NA",
		"customitems" : "NA",
		"keycenters" : "NA",
		"keytypes" : "NA"
	}
,
	"metadata21" : 	{
		"title" : "Metadata6",
		"systemname" : "metadata21",
		"active" : 0,
		"automatable" : 0,
		"defaultfield" : 0,
		"control" : "rslider",
		"type" : "singleint",
		"min" : 0,
		"max" : 127,
		"unitslabel" : "NA",
		"customitems" : "NA",
		"keycenters" : "NA",
		"keytypes" : "NA"
	}
,
	"metadata22" : 	{
		"title" : "Metadata7",
		"systemname" : "metadata22",
		"active" : 0,
		"automatable" : 0,
		"defaultfield" : 0,
		"control" : "rslider",
		"type" : "singleint",
		"min" : 0,
		"max" : 127,
		"unitslabel" : "NA",
		"customitems" : "NA",
		"keycenters" : "NA",
		"keytypes" : "NA"
	}
,
	"metadata23" : 	{
		"title" : "Metadata8",
		"systemname" : "metadata23",
		"active" : 0,
		"automatable" : 0,
		"defaultfield" : 0,
		"control" : "rslider",
		"type" : "singleint",
		"min" : 0,
		"max" : 127,
		"unitslabel" : "NA",
		"customitems" : "NA",
		"keycenters" : "NA",
		"keytypes" : "NA"
	}
,
	"metadata24" : 	{
		"title" : "Metadata9",
		"systemname" : "metadata24",
		"active" : 0,
		"automatable" : 0,
		"defaultfield" : 0,
		"control" : "rslider",
		"type" : "singleint",
		"min" : 0,
		"max" : 127,
		"unitslabel" : "NA",
		"customitems" : "NA",
		"keycenters" : "NA",
		"keytypes" : "NA"
	}
,
	"metadata25" : 	{
		"title" : "Metadata10",
		"systemname" : "metadata25",
		"active" : 0,
		"automatable" : 0,
		"defaultfield" : 0,
		"control" : "rslider",
		"type" : "singleint",
		"min" : 0,
		"max" : 127,
		"unitslabel" : "NA",
		"customitems" : "NA",
		"keycenters" : "NA",
		"keytypes" : "NA"
	}
,
	"metadata26" : 	{
		"title" : "Metadata11",
		"systemname" : "metadata26",
		"active" : 0,
		"automatable" : 0,
		"defaultfield" : 0,
		"control" : "rslider",
		"type" : "singleint",
		"min" : 0,
		"max" : 127,
		"unitslabel" : "NA",
		"customitems" : "NA",
		"keycenters" : "NA",
		"keytypes" : "NA"
	}
,
	"metadata27" : 	{
		"title" : "Metadata12",
		"systemname" : "metadata27",
		"active" : 0,
		"automatable" : 0,
		"defaultfield" : 0,
		"control" : "rslider",
		"type" : "singleint",
		"min" : 0,
		"max" : 127,
		"unitslabel" : "NA",
		"customitems" : "NA",
		"keycenters" : "NA",
		"keytypes" : "NA"
	}
,
	"metadata28" : 	{
		"title" : "Metadata13",
		"systemname" : "metadata28",
		"active" : 0,
		"automatable" : 0,
		"defaultfield" : 0,
		"control" : "rslider",
		"type" : "singleint",
		"min" : 0,
		"max" : 127,
		"unitslabel" : "NA",
		"customitems" : "NA",
		"keycenters" : "NA",
		"keytypes" : "NA"
	}
,
	"metadata29" : 	{
		"title" : "Metadata14",
		"systemname" : "metadata29",
		"active" : 0,
		"automatable" : 0,
		"defaultfield" : 0,
		"control" : "rslider",
		"type" : "singleint",
		"min" : 0,
		"max" : 127,
		"unitslabel" : "NA",
		"customitems" : "NA",
		"keycenters" : "NA",
		"keytypes" : "NA"
	}
,
	"metadata30" : 	{
		"title" : "Metadata15",
		"systemname" : "metadata30",
		"active" : 0,
		"automatable" : 0,
		"defaultfield" : 0,
		"control" : "rslider",
		"type" : "singleint",
		"min" : 0,
		"max" : 127,
		"unitslabel" : "NA",
		"customitems" : "NA",
		"keycenters" : "NA",
		"keytypes" : "NA"
	}
}
